Distance,NumberofDrawsWhenHit,HitsLast10Draws,TotalHits,Temperature,PrevDrawEvenCount,TotalDraws,WeightedHits,HitsLastMonth,MissStreak,HitRate,ThompsonProb
0.2,0.0,0.0,0.0,0.4,0.5714285714285714,1.0,0.0,0.0,0,0.0,0.13487894940806752
0.2,0.0,0.0,0.0,0.4,0.5714285714285714,1.0,0.0,0.0,0,0.0,0.4584425339318161
0.6666666666666666,0.0,0.0,0.0,0.8,0.5714285714285714,1.0,0.0,0.0,0,0.0,0.3516362522441087
0.1,0.0,0.0,0.0,0.2,0.5714285714285714,1.0,0.0,0.0,0,0.0,0.18428092984694824
0.36666666666666664,0.0,0.0,0.0,0.6000000000000001,0.5714285714285714,1.0,0.0,0.0,0,0.0,0.6067735328446132
0.1,0.0,0.0,0.0,0.2,0.5714285714285714,1.0,0.0,0.0,0,0.0,0.16145689793117163
0.03333333333333333,0.0,0.0,0.0,0.2,0.5714285714285714,1.0,0.0,0.0,0,0.0,0.8054527824510951
0.03333333333333333,0.0,0.0,0.0,0.2,0.5714285714285714,1.0,0.0,0.0,0,0.0,0.244171985566079
0.0,0.03225806451612903,0.2,0.16666666666666666,0.0,0.5714285714285714,1.0,0.2,1.0,0,0.08333333333333333,0.7634295264889297
0.13333333333333333,0.0,0.0,0.0,0.4,0.5714285714285714,1.0,0.0,0.0,0,0.0,0.13353802462237283
0.16666666666666666,0.0,0.0,0.0,0.4,0.5714285714285714,1.0,0.0,0.0,0,0.0,0.29155150150556575
0.26666666666666666,0.0,0.0,0.0,0.6000000000000001,0.5714285714285714,1.0,0.0,0.0,0,0.0,0.07768420886318787
0.4,0.0,0.0,0.0,0.6000000000000001,0.5714285714285714,1.0,0.0,0.0,0,0.0,0.2875052903231775
0.16666666666666666,0.0,0.0,0.0,0.4,0.5714285714285714,1.0,0.0,0.0,0,0.0,0.26224573309346355
0.0,0.8387096774193548,0.2,0.16666666666666666,0.0,0.5714285714285714,1.0,0.2,1.0,0,0.08333333333333333,0.24308363346316725
0.03333333333333333,0.0,0.0,0.0,0.2,0.5714285714285714,1.0,0.0,0.0,0,0.0,0.02267708645394805
0.1,0.0,0.0,0.0,0.2,0.5714285714285714,1.0,0.0,0.0,0,0.0,0.8336601254691441
0.0,0.4838709677419355,0.2,0.16666666666666666,0.0,0.5714285714285714,1.0,0.2,1.0,0,0.08333333333333333,0.33208798572516707
0.23333333333333334,0.0,0.0,0.0,0.4,0.5714285714285714,1.0,0.0,0.0,0,0.0,0.3650926042757576
0.0,0.06451612903225806,0.2,0.16666666666666666,0.0,0.5714285714285714,1.0,0.2,1.0,0,0.08333333333333333,0.1903579481712308
0.0,0.0967741935483871,0.2,0.16666666666666666,0.0,0.5714285714285714,1.0,0.2,1.0,0,0.08333333333333333,0.535554583155203
0.3,0.0,0.0,0.0,0.6000000000000001,0.5714285714285714,1.0,0.0,0.0,0,0.0,0.026221024769280697
0.03333333333333333,0.0,0.0,0.0,0.2,0.5714285714285714,1.0,0.0,0.0,0,0.0,0.6869243442193035
0.1,0.0,0.0,0.0,0.2,0.5714285714285714,1.0,0.0,0.0,0,0.0,0.35848561436825405
0.23333333333333334,0.0,0.0,0.0,0.4,0.5714285714285714,1.0,0.0,0.0,0,0.0,0.03913361031991474
0.06666666666666667,0.0,0.0,0.0,0.2,0.5714285714285714,1.0,0.0,0.0,0,0.0,0.6830064533182839
0.7,0.0,0.0,0.0,1.0,0.5714285714285714,1.0,0.0,0.0,0,0.0,0.010610024694367646
0.26666666666666666,0.0,0.0,0.0,0.6000000000000001,0.5714285714285714,1.0,0.0,0.0,0,0.0,0.38580097523339524
0.13333333333333333,0.0,0.0,0.0,0.4,0.5714285714285714,1.0,0.0,0.0,0,0.0,0.2722866387366926
0.5666666666666667,0.0,0.0,0.0,0.8,0.5714285714285714,1.0,0.0,0.0,0,0.0,0.11010267441126954
0.1,0.0,0.0,0.0,0.2,0.5714285714285714,1.0,0.0,0.0,0,0.0,0.159920203817281
0.06666666666666667,0.0,0.0,0.0,0.2,0.5714285714285714,1.0,0.0,0.0,0,0.0,0.35930429736248004
0.16666666666666666,0.0,0.0,0.0,0.4,0.5714285714285714,1.0,0.0,0.0,0,0.0,0.4006432067985552
0.3333333333333333,0.0,0.0,0.0,0.6000000000000001,0.5714285714285714,1.0,0.0,0.0,0,0.0,0.5121231054264216
0.03333333333333333,0.0,0.0,0.0,0.2,0.5714285714285714,1.0,0.0,0.0,0,0.0,0.11005482490864439
0.26666666666666666,0.0,0.0,0.0,0.6000000000000001,0.5714285714285714,1.0,0.0,0.0,0,0.0,0.42975082406734244
0.2,0.0,0.0,0.0,0.4,0.5714285714285714,1.0,0.0,0.0,0,0.0,0.7896123353286021
0.3,0.0,0.0,0.0,0.6000000000000001,0.5714285714285714,1.0,0.0,0.0,0,0.0,0.24560932696741683
0.16666666666666666,0.0,0.0,0.0,0.4,0.5714285714285714,1.0,0.0,0.0,0,0.0,0.32712469829742574
0.0,0.03225806451612903,0.2,0.16666666666666666,0.0,0.5714285714285714,1.0,0.2,1.0,0,0.08333333333333333,0.08961139029071344
0.26666666666666666,0.0,0.0,0.0,0.6000000000000001,0.5714285714285714,1.0,0.0,0.0,0,0.0,0.3803562235608906
0.0,0.5806451612903225,0.2,0.16666666666666666,0.0,0.5714285714285714,1.0,0.2,1.0,0,0.08333333333333333,0.6039835640991614
0.2,0.0,0.0,0.0,0.4,0.5714285714285714,1.0,0.0,0.0,0,0.0,0.1914795129426987
0.06666666666666667,0.0,0.0,0.0,0.2,0.5714285714285714,1.0,0.0,0.0,0,0.0,0.26643202112029674
0.06666666666666667,0.0,0.0,0.0,0.2,0.5714285714285714,1.0,0.0,0.0,0,0.0,0.4183676723437709
0.26666666666666666,0.0,0.0,0.0,0.6000000000000001,0.5714285714285714,1.0,0.0,0.0,0,0.0,0.14358024867065688
0.16666666666666666,0.0,0.0,0.0,0.4,0.5714285714285714,1.0,0.0,0.0,0,0.0,0.24350981296865862
0.16666666666666666,0.0,0.0,0.0,0.4,0.5714285714285714,1.0,0.0,0.0,0,0.0,0.28659507314384963
0.23333333333333334,0.0,0.0,0.0,0.4,0.5714285714285714,1.0,0.0,0.0,0,0.0,0.028340789771815398
0.23333333333333334,0.0,0.0,0.0,0.4,0.42857142857142855,2.0,0.0,0.0,0,0.0,0.42552256618285944
0.23333333333333334,0.0,0.0,0.0,0.4,0.42857142857142855,2.0,0.0,0.0,0,0.0,0.3297253614606339
0.7,0.0,0.0,0.0,1.0,0.42857142857142855,2.0,0.0,0.0,0,0.0,0.3277437616805179
0.13333333333333333,0.0,0.0,0.0,0.4,0.42857142857142855,2.0,0.0,0.0,0,0.0,0.17490309168191717
0.4,0.0,0.0,0.0,0.6000000000000001,0.42857142857142855,2.0,0.0,0.0,0,0.0,0.27043867758913454
0.13333333333333333,0.0,0.0,0.0,0.4,0.42857142857142855,2.0,0.0,0.0,0,0.0,0.04316858626818635
0.06666666666666667,0.0,0.0,0.0,0.2,0.42857142857142855,2.0,0.0,0.0,0,0.0,0.194897419152361
0.06666666666666667,0.0,0.0,0.0,0.2,0.42857142857142855,2.0,0.0,0.0,0,0.0,0.17358773480767326
0.0,0.03225806451612903,0.4,0.3333333333333333,0.0,0.42857142857142855,2.0,0.4,2.0,0,0.1111111111111111,0.3027440529634669
0.0,0.16129032258064516,0.2,0.16666666666666666,0.0,0.42857142857142855,2.0,0.2,1.0,1,0.05555555555555555,0.29003630150880905
0.2,0.0,0.0,0.0,0.4,0.42857142857142855,2.0,0.0,0.0,0,0.0,0.32079746125985104
0.3,0.0,0.0,0.0,0.6000000000000001,0.42857142857142855,2.0,0.0,0.0,0,0.0,0.2782688556880082
0.43333333333333335,0.0,0.0,0.0,0.8,0.42857142857142855,2.0,0.0,0.0,0,0.0,0.3907201454228494
0.2,0.0,0.0,0.0,0.4,0.42857142857142855,2.0,0.0,0.0,0,0.0,0.5657594966580594
0.03333333333333333,0.0,0.2,0.16666666666666666,0.2,0.42857142857142855,2.0,1.9999800001999982e-06,1.0,0,0.05555555555555555,0.27531236622426136
0.06666666666666667,0.0,0.0,0.0,0.2,0.42857142857142855,2.0,0.0,0.0,0,0.0,0.13766012960815632
0.13333333333333333,0.0,0.0,0.0,0.4,0.42857142857142855,2.0,0.0,0.0,0,0.0,0.14626026943692033
0.03333333333333333,0.0,0.2,0.16666666666666666,0.2,0.42857142857142855,2.0,1.9999800001999982e-06,1.0,0,0.05555555555555555,0.4072806144259816
0.26666666666666666,0.0,0.0,0.0,0.6000000000000001,0.42857142857142855,2.0,0.0,0.0,0,0.0,0.08659485171916782
0.03333333333333333,0.0,0.2,0.16666666666666666,0.2,0.42857142857142855,2.0,1.9999800001999982e-06,1.0,0,0.05555555555555555,0.1284095802956636
0.03333333333333333,0.0,0.2,0.16666666666666666,0.2,0.42857142857142855,2.0,1.9999800001999982e-06,1.0,0,0.05555555555555555,0.5087921652658286
0.3333333333333333,0.0,0.0,0.0,0.6000000000000001,0.42857142857142855,2.0,0.0,0.0,0,0.0,0.35511882324515187
0.06666666666666667,0.0,0.0,0.0,0.2,0.42857142857142855,2.0,0.0,0.0,0,0.0,0.12348895910791016
0.13333333333333333,0.0,0.0,0.0,0.4,0.42857142857142855,2.0,0.0,0.0,0,0.0,0.015373631001262248
0.26666666666666666,0.0,0.0,0.0,0.6000000000000001,0.42857142857142855,2.0,0.0,0.0,0,0.0,0.26480734539187817
0.1,0.0,0.0,0.0,0.2,0.42857142857142855,2.0,0.0,0.0,0,0.0,0.3463989731036807
0.7333333333333333,0.0,0.0,0.0,1.0,0.42857142857142855,2.0,0.0,0.0,0,0.0,0.026698772646338405
0.3,0.0,0.0,0.0,0.6000000000000001,0.42857142857142855,2.0,0.0,0.0,0,0.0,0.028707342155548012
0.16666666666666666,0.0,0.0,0.0,0.4,0.42857142857142855,2.0,0.0,0.0,0,0.0,0.038227200593548775
0.0,0.5806451612903225,0.2,0.16666666666666666,0.0,0.42857142857142855,2.0,0.2,1.0,1,0.05555555555555555,0.18037070947402287
0.13333333333333333,0.0,0.0,0.0,0.4,0.42857142857142855,2.0,0.0,0.0,0,0.0,0.14148144432552587
0.0,0.0967741935483871,0.2,0.16666666666666666,0.0,0.42857142857142855,2.0,0.2,1.0,1,0.05555555555555555,0.3151901620426187
0.2,0.0,0.0,0.0,0.4,0.42857142857142855,2.0,0.0,0.0,0,0.0,0.00533811047797076
0.36666666666666664,0.0,0.0,0.0,0.6000000000000001,0.42857142857142855,2.0,0.0,0.0,0,0.0,0.4745993602778874
0.06666666666666667,0.0,0.0,0.0,0.2,0.42857142857142855,2.0,0.0,0.0,0,0.0,0.05602211662215096
0.3,0.0,0.0,0.0,0.6000000000000001,0.42857142857142855,2.0,0.0,0.0,0,0.0,0.01937423399272079
0.23333333333333334,0.0,0.0,0.0,0.4,0.42857142857142855,2.0,0.0,0.0,0,0.0,0.18661649009191683
0.3333333333333333,0.0,0.0,0.0,0.6000000000000001,0.42857142857142855,2.0,0.0,0.0,0,0.0,0.25064403426046084
0.0,0.1935483870967742,0.2,0.16666666666666666,0.0,0.42857142857142855,2.0,0.2,1.0,1,0.05555555555555555,0.4420504772394
0.03333333333333333,0.0,0.2,0.16666666666666666,0.2,0.42857142857142855,2.0,1.9999800001999982e-06,1.0,0,0.05555555555555555,0.5969748879202197
0.3,0.0,0.0,0.0,0.6000000000000001,0.42857142857142855,2.0,0.0,0.0,0,0.0,0.1731871378159518
0.03333333333333333,0.0,0.2,0.16666666666666666,0.2,0.42857142857142855,2.0,1.9999800001999982e-06,1.0,0,0.05555555555555555,0.4185409905179743
0.0,0.22580645161290322,0.2,0.16666666666666666,0.0,0.42857142857142855,2.0,0.2,1.0,1,0.05555555555555555,0.5942180169672506
0.1,0.0,0.0,0.0,0.2,0.42857142857142855,2.0,0.0,0.0,0,0.0,0.6261752647032464
0.1,0.0,0.0,0.0,0.2,0.42857142857142855,2.0,0.0,0.0,0,0.0,0.12907194900264934
0.3,0.0,0.0,0.0,0.6000000000000001,0.42857142857142855,2.0,0.0,0.0,0,0.0,0.7227772146240441
0.0,0.1935483870967742,0.2,0.16666666666666666,0.0,0.42857142857142855,2.0,0.2,1.0,1,0.05555555555555555,0.05134691817433867
0.2,0.0,0.0,0.0,0.4,0.42857142857142855,2.0,0.0,0.0,0,0.0,0.5535494164520686
0.26666666666666666,0.0,0.0,0.0,0.6000000000000001,0.42857142857142855,2.0,0.0,0.0,0,0.0,0.07732454133137999
0.0,0.25806451612903225,0.2,0.16666666666666666,0.0,0.5714285714285714,3.0,0.2,1.0,2,0.041666666666666664,0.055306218005825435
0.26666666666666666,0.0,0.0,0.0,0.6000000000000001,0.5714285714285714,3.0,0.0,0.0,0,0.0,0.013650418340205894
0.7333333333333333,0.0,0.0,0.0,1.0,0.5714285714285714,3.0,0.0,0.0,0,0.0,0.07944809198246106
0.16666666666666666,0.0,0.0,0.0,0.4,0.5714285714285714,3.0,0.0,0.0,0,0.0,0.07219815548274526
0.43333333333333335,0.0,0.0,0.0,0.8,0.5714285714285714,3.0,0.0,0.0,0,0.0,0.08636668490155547
0.16666666666666666,0.0,0.0,0.0,0.4,0.5714285714285714,3.0,0.0,0.0,0,0.0,0.23010960942012912
0.1,0.0,0.0,0.0,0.2,0.5714285714285714,3.0,0.0,0.0,0,0.0,0.3173040871910308
0.1,0.0,0.0,0.0,0.2,0.5714285714285714,3.0,0.0,0.0,0,0.0,0.06999203962280295
0.03333333333333333,0.0,0.4,0.3333333333333333,0.2,0.5714285714285714,3.0,3.9999600003999965e-06,2.0,0,0.08333333333333333,0.06077024636973952
0.03333333333333333,0.0,0.2,0.16666666666666666,0.2,0.5714285714285714,3.0,1.9999800001999982e-06,1.0,0,0.041666666666666664,0.05849076745075302
0.23333333333333334,0.0,0.0,0.0,0.4,0.5714285714285714,3.0,0.0,0.0,0,0.0,0.11325605970898402
0.3333333333333333,0.0,0.0,0.0,0.6000000000000001,0.5714285714285714,3.0,0.0,0.0,0,0.0,0.10654975704168124
0.4666666666666667,0.0,0.0,0.0,0.8,0.5714285714285714,3.0,0.0,0.0,0,0.0,0.1645327199171308
0.0,0.22580645161290322,0.2,0.16666666666666666,0.0,0.5714285714285714,3.0,0.2,1.0,2,0.041666666666666664,0.2793430504575794
0.06666666666666667,0.0,0.2,0.16666666666666666,0.2,0.5714285714285714,3.0,9.99995000025e-07,1.0,0,0.041666666666666664,0.4521647250288426
0.1,0.0,0.0,0.0,0.2,0.5714285714285714,3.0,0.0,0.0,0,0.0,0.07939885546925425
0.16666666666666666,0.0,0.0,0.0,0.4,0.5714285714285714,3.0,0.0,0.0,0,0.0,0.3727852635873359
0.06666666666666667,0.0,0.2,0.16666666666666666,0.2,0.5714285714285714,3.0,9.99995000025e-07,1.0,0,0.041666666666666664,0.2851241248774678
0.3,0.0,0.0,0.0,0.6000000000000001,0.5714285714285714,3.0,0.0,0.0,0,0.0,0.40255494801265274
0.06666666666666667,0.0,0.2,0.16666666666666666,0.2,0.5714285714285714,3.0,9.99995000025e-07,1.0,0,0.041666666666666664,0.13088451301891968
0.06666666666666667,0.0,0.2,0.16666666666666666,0.2,0.5714285714285714,3.0,9.99995000025e-07,1.0,0,0.041666666666666664,0.6150980582056497
0.36666666666666664,0.0,0.0,0.0,0.6000000000000001,0.5714285714285714,3.0,0.0,0.0,0,0.0,0.22822934660948133
0.1,0.0,0.0,0.0,0.2,0.5714285714285714,3.0,0.0,0.0,0,0.0,0.18917488158163054
0.16666666666666666,0.0,0.0,0.0,0.4,0.5714285714285714,3.0,0.0,0.0,0,0.0,0.0946829915926898
0.3,0.0,0.0,0.0,0.6000000000000001,0.5714285714285714,3.0,0.0,0.0,0,0.0,0.6493015397795441
0.0,0.12903225806451613,0.2,0.16666666666666666,0.0,0.5714285714285714,3.0,0.2,1.0,2,0.041666666666666664,0.021115935681731056
0.7666666666666666,0.0,0.0,0.0,1.0,0.5714285714285714,3.0,0.0,0.0,0,0.0,0.019674976472573876
0.3333333333333333,0.0,0.0,0.0,0.6000000000000001,0.5714285714285714,3.0,0.0,0.0,0,0.0,0.07541727778738977
0.2,0.0,0.0,0.0,0.4,0.5714285714285714,3.0,0.0,0.0,0,0.0,0.21306566508088642
0.03333333333333333,0.0,0.2,0.16666666666666666,0.2,0.5714285714285714,3.0,1.9999800001999982e-06,1.0,0,0.041666666666666664,0.07792009648409642
0.16666666666666666,0.0,0.0,0.0,0.4,0.5714285714285714,3.0,0.0,0.0,0,0.0,0.2551797162417981
0.03333333333333333,0.0,0.2,0.16666666666666666,0.2,0.5714285714285714,3.0,1.9999800001999982e-06,1.0,0,0.041666666666666664,0.024324901219555325
0.23333333333333334,0.0,0.0,0.0,0.4,0.5714285714285714,3.0,0.0,0.0,0,0.0,0.0005231265965723213
0.4,0.0,0.0,0.0,0.6000000000000001,0.5714285714285714,3.0,0.0,0.0,0,0.0,0.45640805953818836
0.1,0.0,0.0,0.0,0.2,0.5714285714285714,3.0,0.0,0.0,0,0.0,0.026049339917364134
0.0,0.3225806451612903,0.2,0.16666666666666666,0.0,0.5714285714285714,3.0,0.2,1.0,2,0.041666666666666664,0.6695212861040648
0.26666666666666666,0.0,0.0,0.0,0.6000000000000001,0.5714285714285714,3.0,0.0,0.0,0,0.0,0.5150132659473178
0.36666666666666664,0.0,0.0,0.0,0.6000000000000001,0.5714285714285714,3.0,0.0,0.0,0,0.0,0.08625360372455305
0.03333333333333333,0.0,0.2,0.16666666666666666,0.2,0.5714285714285714,3.0,1.9999800001999982e-06,1.0,0,0.041666666666666664,0.5090712940413611
0.0,0.06451612903225806,0.4,0.3333333333333333,0.0,0.5714285714285714,3.0,0.4,2.0,1,0.08333333333333333,0.21326561603019198
0.0,0.3225806451612903,0.2,0.16666666666666666,0.0,0.5714285714285714,3.0,0.2,1.0,2,0.041666666666666664,0.013748831533740168
0.06666666666666667,0.0,0.2,0.16666666666666666,0.2,0.5714285714285714,3.0,9.99995000025e-07,1.0,0,0.041666666666666664,0.014384912680411917
0.03333333333333333,0.0,0.2,0.16666666666666666,0.2,0.5714285714285714,3.0,1.9999800001999982e-06,1.0,0,0.041666666666666664,0.1531997438707519
0.13333333333333333,0.0,0.0,0.0,0.4,0.5714285714285714,3.0,0.0,0.0,0,0.0,0.024468504758752865
0.13333333333333333,0.0,0.0,0.0,0.4,0.5714285714285714,3.0,0.0,0.0,0,0.0,0.012262370389271299
0.3333333333333333,0.0,0.0,0.0,0.6000000000000001,0.5714285714285714,3.0,0.0,0.0,0,0.0,0.07223603096040015
0.0,0.03225806451612903,0.4,0.3333333333333333,0.0,0.5714285714285714,3.0,0.4,2.0,1,0.08333333333333333,0.32651756817133415
0.23333333333333334,0.0,0.0,0.0,0.4,0.5714285714285714,3.0,0.0,0.0,0,0.0,0.4743678999436835
0.3,0.0,0.0,0.0,0.6000000000000001,0.5714285714285714,3.0,0.0,0.0,0,0.0,0.5314083570774787
0.03333333333333333,0.0,0.2,0.16666666666666666,0.2,0.7142857142857143,4.0,1.9999800001999982e-06,1.0,0,0.03333333333333333,0.05264639808633973
0.0,0.29032258064516125,0.2,0.16666666666666666,0.0,0.7142857142857143,4.0,0.2,1.0,3,0.03333333333333333,0.00695815163732891
0.0,0.7419354838709677,0.2,0.16666666666666666,0.0,0.7142857142857143,4.0,0.2,1.0,3,0.03333333333333333,0.3395238513683202
0.2,0.0,0.0,0.0,0.4,0.7142857142857143,4.0,0.0,0.0,0,0.0,0.03988501876649153
0.4666666666666667,0.0,0.0,0.0,0.8,0.7142857142857143,4.0,0.0,0.0,0,0.0,0.011342360323915713
0.2,0.0,0.0,0.0,0.4,0.7142857142857143,4.0,0.0,0.0,0,0.0,0.19998226441431374
0.13333333333333333,0.0,0.0,0.0,0.4,0.7142857142857143,4.0,0.0,0.0,0,0.0,0.06955075134924278
0.13333333333333333,0.0,0.0,0.0,0.4,0.7142857142857143,4.0,0.0,0.0,0,0.0,0.0693597732378663
0.06666666666666667,0.0,0.4,0.3333333333333333,0.2,0.7142857142857143,4.0,1.99999000005e-06,2.0,0,0.06666666666666667,0.3474915880872878
0.06666666666666667,0.0,0.2,0.16666666666666666,0.2,0.7142857142857143,4.0,9.99995000025e-07,1.0,0,0.03333333333333333,0.2925988739127966
0.26666666666666666,0.0,0.0,0.0,0.6000000000000001,0.7142857142857143,4.0,0.0,0.0,0,0.0,0.16030717031059089
0.36666666666666664,0.0,0.0,0.0,0.6000000000000001,0.7142857142857143,4.0,0.0,0.0,0,0.0,0.32991097249627627
0.5,0.0,0.0,0.0,0.8,0.7142857142857143,4.0,0.0,0.0,0,0.0,0.05274840895637813
0.03333333333333333,0.0,0.2,0.16666666666666666,0.2,0.7142857142857143,4.0,1.9999800001999982e-06,1.0,0,0.03333333333333333,0.4342561940112062
0.1,0.0,0.2,0.16666666666666666,0.2,0.7142857142857143,4.0,6.666644444518519e-07,1.0,0,0.03333333333333333,0.30369444810977964
0.0,0.12903225806451613,0.2,0.16666666666666666,0.0,0.7142857142857143,4.0,0.2,1.0,3,0.03333333333333333,0.2789980630782032
0.2,0.0,0.0,0.0,0.4,0.7142857142857143,4.0,0.0,0.0,0,0.0,0.183025969314395
0.1,0.0,0.2,0.16666666666666666,0.2,0.7142857142857143,4.0,6.666644444518519e-07,1.0,0,0.03333333333333333,0.34886809530256696
0.3333333333333333,0.0,0.0,0.0,0.6000000000000001,0.7142857142857143,4.0,0.0,0.0,0,0.0,0.3202240230016532
0.1,0.0,0.2,0.16666666666666666,0.2,0.7142857142857143,4.0,6.666644444518519e-07,1.0,0,0.03333333333333333,0.30986612415306636
0.1,0.0,0.2,0.16666666666666666,0.2,0.7142857142857143,4.0,6.666644444518519e-07,1.0,0,0.03333333333333333,0.38234822905014415
0.0,0.3870967741935484,0.2,0.16666666666666666,0.0,0.7142857142857143,4.0,0.2,1.0,3,0.03333333333333333,0.23030771611877843
0.13333333333333333,0.0,0.0,0.0,0.4,0.7142857142857143,4.0,0.0,0.0,0,0.0,0.25057552726634835
0.2,0.0,0.0,0.0,0.4,0.7142857142857143,4.0,0.0,0.0,0,0.0,0.19971337043170365
0.3333333333333333,0.0,0.0,0.0,0.6000000000000001,0.7142857142857143,4.0,0.0,0.0,0,0.0,0.19495652431456262
0.03333333333333333,0.0,0.2,0.16666666666666666,0.2,0.7142857142857143,4.0,1.9999800001999982e-06,1.0,0,0.03333333333333333,0.4513878702122179
0.8,0.0,0.0,0.0,1.0,0.7142857142857143,4.0,0.0,0.0,0,0.0,0.2513126907583165
0.36666666666666664,0.0,0.0,0.0,0.6000000000000001,0.7142857142857143,4.0,0.0,0.0,0,0.0,0.03743976397067262
0.23333333333333334,0.0,0.0,0.0,0.4,0.7142857142857143,4.0,0.0,0.0,0,0.0,0.02784661558204088
0.06666666666666667,0.0,0.2,0.16666666666666666,0.2,0.7142857142857143,4.0,9.99995000025e-07,1.0,0,0.03333333333333333,0.2080037684085683
0.2,0.0,0.0,0.0,0.4,0.7142857142857143,4.0,0.0,0.0,0,0.0,0.40155646408951995
0.06666666666666667,0.0,0.2,0.16666666666666666,0.2,0.7142857142857143,4.0,9.99995000025e-07,1.0,0,0.03333333333333333,0.29947506341108493
0.26666666666666666,0.0,0.0,0.0,0.6000000000000001,0.7142857142857143,4.0,0.0,0.0,0,0.0,0.07795695456585305
0.43333333333333335,0.0,0.0,0.0,0.8,0.7142857142857143,4.0,0.0,0.0,0,0.0,0.11311636601377575
0.13333333333333333,0.0,0.0,0.0,0.4,0.7142857142857143,4.0,0.0,0.0,0,0.0,0.18760247933452504
0.03333333333333333,0.0,0.2,0.16666666666666666,0.2,0.7142857142857143,4.0,1.9999800001999982e-06,1.0,0,0.03333333333333333,0.34720782198244676
0.3,0.0,0.0,0.0,0.6000000000000001,0.7142857142857143,4.0,0.0,0.0,0,0.0,0.12899549206150715
0.4,0.0,0.0,0.0,0.6000000000000001,0.7142857142857143,4.0,0.0,0.0,0,0.0,0.1435750324144151
0.06666666666666667,0.0,0.2,0.16666666666666666,0.2,0.7142857142857143,4.0,9.99995000025e-07,1.0,0,0.03333333333333333,0.430899915348211
0.0,0.03225806451612903,0.6000000000000001,0.5,0.0,0.7142857142857143,4.0,0.6000000000000001,3.0,1,0.1,0.39652625365530286
0.03333333333333333,0.0,0.2,0.16666666666666666,0.2,0.7142857142857143,4.0,1.9999800001999982e-06,1.0,0,0.03333333333333333,0.2091672138463297
0.0,0.0967741935483871,0.4,0.3333333333333333,0.0,0.7142857142857143,4.0,0.4,2.0,2,0.06666666666666667,0.24694938576974942
0.06666666666666667,0.0,0.2,0.16666666666666666,0.2,0.7142857142857143,4.0,9.99995000025e-07,1.0,0,0.03333333333333333,0.03605191439438665
0.16666666666666666,0.0,0.0,0.0,0.4,0.7142857142857143,4.0,0.0,0.0,0,0.0,0.024038666228143307
0.16666666666666666,0.0,0.0,0.0,0.4,0.7142857142857143,4.0,0.0,0.0,0,0.0,0.03026010708698369
0.36666666666666664,0.0,0.0,0.0,0.6000000000000001,0.7142857142857143,4.0,0.0,0.0,0,0.0,0.12500906977693493
0.0,0.03225806451612903,0.6000000000000001,0.5,0.0,0.7142857142857143,4.0,0.6000000000000001,3.0,1,0.1,0.10461168046053324
0.26666666666666666,0.0,0.0,0.0,0.6000000000000001,0.7142857142857143,4.0,0.0,0.0,0,0.0,0.0738412867509439
0.3333333333333333,0.0,0.0,0.0,0.6000000000000001,0.7142857142857143,4.0,0.0,0.0,0,0.0,0.31242391805969033
0.06666666666666667,0.0,0.2,0.16666666666666666,0.2,0.42857142857142855,5.0,9.99995000025e-07,1.0,0,0.027777777777777776,0.26893931786474223
0.03333333333333333,0.0,0.2,0.16666666666666666,0.2,0.42857142857142855,5.0,1.9999800001999982e-06,1.0,0,0.027777777777777776,0.0023956889715523334
0.03333333333333333,0.0,0.2,0.16666666666666666,0.2,0.42857142857142855,5.0,1.9999800001999982e-06,1.0,0,0.027777777777777776,0.06443804191197854
0.23333333333333334,0.0,0.0,0.0,0.4,0.42857142857142855,5.0,0.0,0.0,0,0.0,0.19929692277803274
0.5,0.0,0.0,0.0,0.8,0.42857142857142855,5.0,0.0,0.0,0,0.0,0.2618085550293656
0.23333333333333334,0.0,0.0,0.0,0.4,0.42857142857142855,5.0,0.0,0.0,0,0.0,0.09035215184354421
0.0,0.16129032258064516,0.2,0.16666666666666666,0.0,0.42857142857142855,5.0,0.2,1.0,4,0.027777777777777776,0.36011342509361394
0.16666666666666666,0.0,0.0,0.0,0.4,0.42857142857142855,5.0,0.0,0.0,0,0.0,0.19109791090885825
0.1,0.0,0.4,0.3333333333333333,0.2,0.42857142857142855,5.0,1.3333288889037039e-06,2.0,0,0.05555555555555555,0.3323650462900325
0.1,0.0,0.2,0.16666666666666666,0.2,0.42857142857142855,5.0,6.666644444518519e-07,1.0,0,0.027777777777777776,0.13411336180437708
0.3,0.0,0.0,0.0,0.6000000000000001,0.42857142857142855,5.0,0.0,0.0,0,0.0,0.5017454516870037
0.4,0.0,0.0,0.0,0.6000000000000001,0.42857142857142855,5.0,0.0,0.0,0,0.0,0.035785852956390446
0.5333333333333333,0.0,0.0,0.0,0.8,0.42857142857142855,5.0,0.0,0.0,0,0.0,0.041913137236121965
0.06666666666666667,0.0,0.2,0.16666666666666666,0.2,0.42857142857142855,5.0,9.99995000025e-07,1.0,0,0.027777777777777776,0.16001958941475952
0.0,0.12903225806451613,0.4,0.3333333333333333,0.0,0.42857142857142855,5.0,0.4,2.0,3,0.05555555555555555,0.12299763895996065
0.0,0.03225806451612903,0.4,0.3333333333333333,0.0,0.42857142857142855,5.0,0.4,2.0,3,0.05555555555555555,0.2882154069613419
0.0,0.22580645161290322,0.2,0.16666666666666666,0.0,0.42857142857142855,5.0,0.2,1.0,4,0.027777777777777776,0.16568427069654393
0.13333333333333333,0.0,0.2,0.16666666666666666,0.4,0.42857142857142855,5.0,4.999987500031251e-07,1.0,0,0.027777777777777776,0.12657033874318668
0.36666666666666664,0.0,0.0,0.0,0.6000000000000001,0.42857142857142855,5.0,0.0,0.0,0,0.0,0.25977924980102707
0.13333333333333333,0.0,0.2,0.16666666666666666,0.4,0.42857142857142855,5.0,4.999987500031251e-07,1.0,0,0.027777777777777776,0.2640947497067996
0.0,0.12903225806451613,0.4,0.3333333333333333,0.0,0.42857142857142855,5.0,0.4,2.0,3,0.05555555555555555,0.22010681039195187
0.0,0.03225806451612903,0.4,0.3333333333333333,0.0,0.42857142857142855,5.0,0.4,2.0,3,0.05555555555555555,0.13328517563289935
0.16666666666666666,0.0,0.0,0.0,0.4,0.42857142857142855,5.0,0.0,0.0,0,0.0,0.07835281835484616
0.23333333333333334,0.0,0.0,0.0,0.4,0.42857142857142855,5.0,0.0,0.0,0,0.0,0.25715975496244825
0.36666666666666664,0.0,0.0,0.0,0.6000000000000001,0.42857142857142855,5.0,0.0,0.0,0,0.0,0.25775437778188204
0.06666666666666667,0.0,0.2,0.16666666666666666,0.2,0.42857142857142855,5.0,9.99995000025e-07,1.0,0,0.027777777777777776,0.0396637791801327
0.8333333333333334,0.0,0.0,0.0,1.0,0.42857142857142855,5.0,0.0,0.0,0,0.0,0.2554249736983809
0.4,0.0,0.0,0.0,0.6000000000000001,0.42857142857142855,5.0,0.0,0.0,0,0.0,0.03020713228058118
0.26666666666666666,0.0,0.0,0.0,0.6000000000000001,0.42857142857142855,5.0,0.0,0.0,0,0.0,0.37821191496567225
0.1,0.0,0.2,0.16666666666666666,0.2,0.42857142857142855,5.0,6.666644444518519e-07,1.0,0,0.027777777777777776,0.5375992744971875
0.23333333333333334,0.0,0.0,0.0,0.4,0.42857142857142855,5.0,0.0,0.0,0,0.0,0.030943684992520787
0.1,0.0,0.2,0.16666666666666666,0.2,0.42857142857142855,5.0,6.666644444518519e-07,1.0,0,0.027777777777777776,0.2692294346755253
0.3,0.0,0.0,0.0,0.6000000000000001,0.42857142857142855,5.0,0.0,0.0,0,0.0,0.1711823669791953
0.4666666666666667,0.0,0.0,0.0,0.8,0.42857142857142855,5.0,0.0,0.0,0,0.0,0.13431832894341011
0.16666666666666666,0.0,0.0,0.0,0.4,0.42857142857142855,5.0,0.0,0.0,0,0.0,0.13051639096110862
0.06666666666666667,0.0,0.2,0.16666666666666666,0.2,0.42857142857142855,5.0,9.99995000025e-07,1.0,0,0.027777777777777776,0.08803853977848637
0.3333333333333333,0.0,0.0,0.0,0.6000000000000001,0.42857142857142855,5.0,0.0,0.0,0,0.0,0.005309364938711309
0.43333333333333335,0.0,0.0,0.0,0.8,0.42857142857142855,5.0,0.0,0.0,0,0.0,0.24204108448598324
0.1,0.0,0.2,0.16666666666666666,0.2,0.42857142857142855,5.0,6.666644444518519e-07,1.0,0,0.027777777777777776,0.06411556430210733
0.0,0.03225806451612903,0.8,0.6666666666666666,0.0,0.42857142857142855,5.0,0.8,4.0,1,0.1111111111111111,0.33797458748578746
0.06666666666666667,0.0,0.2,0.16666666666666666,0.2,0.42857142857142855,5.0,9.99995000025e-07,1.0,0,0.027777777777777776,0.040556226919268586
0.03333333333333333,0.0,0.4,0.3333333333333333,0.2,0.42857142857142855,5.0,3.9999600003999965e-06,2.0,0,0.05555555555555555,0.1568013688721832
0.1,0.0,0.2,0.16666666666666666,0.2,0.42857142857142855,5.0,6.666644444518519e-07,1.0,0,0.027777777777777776,0.3240209962863051
0.2,0.0,0.0,0.0,0.4,0.42857142857142855,5.0,0.0,0.0,0,0.0,0.14715008343314737
0.2,0.0,0.0,0.0,0.4,0.42857142857142855,5.0,0.0,0.0,0,0.0,0.03702808435627837
0.4,0.0,0.0,0.0,0.6000000000000001,0.42857142857142855,5.0,0.0,0.0,0,0.0,0.024048038396219613
0.03333333333333333,0.0,0.6000000000000001,0.5,0.2,0.42857142857142855,5.0,5.999940000599994e-06,3.0,0,0.08333333333333333,0.18595503747489475
0.3,0.0,0.0,0.0,0.6000000000000001,0.42857142857142855,5.0,0.0,0.0,0,0.0,0.2709994787176482
0.36666666666666664,0.0,0.0,0.0,0.6000000000000001,0.42857142857142855,5.0,0.0,0.0,0,0.0,0.13300276847448245
0.1,0.0,0.2,0.16666666666666666,0.2,0.5714285714285714,6.0,6.666644444518519e-07,1.0,0,0.023809523809523808,0.3843014594490824
0.06666666666666667,0.0,0.2,0.16666666666666666,0.2,0.5714285714285714,6.0,9.99995000025e-07,1.0,0,0.023809523809523808,0.009034561878408518
0.06666666666666667,0.0,0.2,0.16666666666666666,0.2,0.5714285714285714,6.0,9.99995000025e-07,1.0,0,0.023809523809523808,0.29203459547606464
0.26666666666666666,0.0,0.0,0.0,0.6000000000000001,0.5714285714285714,6.0,0.0,0.0,0,0.0,0.09503686140057861
0.5333333333333333,0.0,0.0,0.0,0.8,0.5714285714285714,6.0,0.0,0.0,0,0.0,0.004663356314836695
0.26666666666666666,0.0,0.0,0.0,0.6000000000000001,0.5714285714285714,6.0,0.0,0.0,0,0.0,0.008811363941153576
0.03333333333333333,0.0,0.2,0.16666666666666666,0.2,0.5714285714285714,6.0,1.9999800001999982e-06,1.0,0,0.023809523809523808,0.0835106900218539
0.0,0.1935483870967742,0.2,0.16666666666666666,0.0,0.5714285714285714,6.0,0.2,1.0,5,0.023809523809523808,0.1577528780511881
0.0,0.12903225806451613,0.6000000000000001,0.5,0.0,0.5714285714285714,6.0,0.6000000000000001,3.0,3,0.07142857142857142,0.22050696482984242
0.13333333333333333,0.0,0.2,0.16666666666666666,0.4,0.5714285714285714,6.0,4.999987500031251e-07,1.0,0,0.023809523809523808,0.16929600985836007
0.3333333333333333,0.0,0.0,0.0,0.6000000000000001,0.5714285714285714,6.0,0.0,0.0,0,0.0,0.2720438581543146
0.43333333333333335,0.0,0.0,0.0,0.8,0.5714285714285714,6.0,0.0,0.0,0,0.0,0.06810413927771969
0.5666666666666667,0.0,0.0,0.0,0.8,0.5714285714285714,6.0,0.0,0.0,0,0.0,0.23800963119968505
0.0,0.0967741935483871,0.4,0.3333333333333333,0.0,0.5714285714285714,6.0,0.4,2.0,4,0.047619047619047616,0.3184229070760509
0.03333333333333333,0.0,0.4,0.3333333333333333,0.2,0.5714285714285714,6.0,3.9999600003999965e-06,2.0,0,0.047619047619047616,0.20252603990018386
0.03333333333333333,0.0,0.4,0.3333333333333333,0.2,0.5714285714285714,6.0,3.9999600003999965e-06,2.0,0,0.047619047619047616,0.05450543594832007
0.03333333333333333,0.0,0.2,0.16666666666666666,0.2,0.5714285714285714,6.0,1.9999800001999982e-06,1.0,0,0.023809523809523808,0.12682033771166043
0.16666666666666666,0.0,0.2,0.16666666666666666,0.4,0.5714285714285714,6.0,3.9999920000160014e-07,1.0,0,0.023809523809523808,0.003295289113836003
0.4,0.0,0.0,0.0,0.6000000000000001,0.5714285714285714,6.0,0.0,0.0,0,0.0,0.31027565279221214
0.16666666666666666,0.0,0.2,0.16666666666666666,0.4,0.5714285714285714,6.0,3.9999920000160014e-07,1.0,0,0.023809523809523808,0.08727623479437334
0.03333333333333333,0.0,0.4,0.3333333333333333,0.2,0.5714285714285714,6.0,3.9999600003999965e-06,2.0,0,0.047619047619047616,0.15985980962861301
0.03333333333333333,0.0,0.4,0.3333333333333333,0.2,0.5714285714285714,6.0,3.9999600003999965e-06,2.0,0,0.047619047619047616,0.07046061492380959
0.2,0.0,0.0,0.0,0.4,0.5714285714285714,6.0,0.0,0.0,0,0.0,0.163292637135746
0.26666666666666666,0.0,0.0,0.0,0.6000000000000001,0.5714285714285714,6.0,0.0,0.0,0,0.0,0.32110002414298344
0.4,0.0,0.0,0.0,0.6000000000000001,0.5714285714285714,6.0,0.0,0.0,0,0.0,0.06841732085625296
0.1,0.0,0.2,0.16666666666666666,0.2,0.5714285714285714,6.0,6.666644444518519e-07,1.0,0,0.023809523809523808,0.045819237621267765
0.8666666666666667,0.0,0.0,0.0,1.0,0.5714285714285714,6.0,0.0,0.0,0,0.0,0.014316851278574003
0.43333333333333335,0.0,0.0,0.0,0.8,0.5714285714285714,6.0,0.0,0.0,0,0.0,0.109335113607159
0.3,0.0,0.0,0.0,0.6000000000000001,0.5714285714285714,6.0,0.0,0.0,0,0.0,0.010704525593474535
0.0,0.12903225806451613,0.4,0.3333333333333333,0.0,0.5714285714285714,6.0,0.4,2.0,4,0.047619047619047616,0.1854299702708622
0.26666666666666666,0.0,0.0,0.0,0.6000000000000001,0.5714285714285714,6.0,0.0,0.0,0,0.0,0.03544268159179088
0.13333333333333333,0.0,0.2,0.16666666666666666,0.4,0.5714285714285714,6.0,4.999987500031251e-07,1.0,0,0.023809523809523808,0.00715710150435912
0.3333333333333333,0.0,0.0,0.0,0.6000000000000001,0.5714285714285714,6.0,0.0,0.0,0,0.0,0.13016570614481926
0.5,0.0,0.0,0.0,0.8,0.5714285714285714,6.0,0.0,0.0,0,0.0,0.050564659560865116
0.0,0.1935483870967742,0.2,0.16666666666666666,0.0,0.5714285714285714,6.0,0.2,1.0,5,0.023809523809523808,0.1263557295191099
0.0,0.0967741935483871,0.4,0.3333333333333333,0.0,0.5714285714285714,6.0,0.4,2.0,4,0.047619047619047616,0.19080357629596192
0.36666666666666664,0.0,0.0,0.0,0.6000000000000001,0.5714285714285714,6.0,0.0,0.0,0,0.0,0.15487865285065855
0.4666666666666667,0.0,0.0,0.0,0.8,0.5714285714285714,6.0,0.0,0.0,0,0.0,0.3283746265177442
0.13333333333333333,0.0,0.2,0.16666666666666666,0.4,0.5714285714285714,6.0,4.999987500031251e-07,1.0,0,0.023809523809523808,0.21002596678427626
0.03333333333333333,0.0,0.8,0.6666666666666666,0.2,0.5714285714285714,6.0,7.999920000799993e-06,4.0,0,0.09523809523809523,0.3758861681260045
0.0,0.0967741935483871,0.4,0.3333333333333333,0.0,0.5714285714285714,6.0,0.4,2.0,4,0.047619047619047616,0.009272427299590087
0.06666666666666667,0.0,0.4,0.3333333333333333,0.2,0.5714285714285714,6.0,1.99999000005e-06,2.0,0,0.047619047619047616,0.37213666717301447
0.13333333333333333,0.0,0.2,0.16666666666666666,0.4,0.5714285714285714,6.0,4.999987500031251e-07,1.0,0,0.023809523809523808,0.09269945235604281
0.23333333333333334,0.0,0.0,0.0,0.4,0.5714285714285714,6.0,0.0,0.0,0,0.0,0.2894693850437425
0.23333333333333334,0.0,0.0,0.0,0.4,0.5714285714285714,6.0,0.0,0.0,0,0.0,0.2889861400840597
0.43333333333333335,0.0,0.0,0.0,0.8,0.5714285714285714,6.0,0.0,0.0,0,0.0,0.0008857750084768744
0.06666666666666667,0.0,0.6000000000000001,0.5,0.2,0.5714285714285714,6.0,2.999985000075e-06,3.0,0,0.07142857142857142,0.20746743457964184
0.3333333333333333,0.0,0.0,0.0,0.6000000000000001,0.5714285714285714,6.0,0.0,0.0,0,0.0,0.06865895279534072
0.4,0.0,0.0,0.0,0.6000000000000001,0.5714285714285714,6.0,0.0,0.0,0,0.0,0.03520750011518404
0.13333333333333333,0.0,0.2,0.16666666666666666,0.4,0.5714285714285714,7.0,4.999987500031251e-07,1.0,0,0.020833333333333332,0.09584371170064615
0.1,0.0,0.2,0.16666666666666666,0.2,0.5714285714285714,7.0,6.666644444518519e-07,1.0,0,0.020833333333333332,0.07334764252650515
0.0,0.0967741935483871,0.4,0.3333333333333333,0.0,0.5714285714285714,7.0,0.4,2.0,5,0.041666666666666664,0.2256149998737792
0.3,0.0,0.0,0.0,0.6000000000000001,0.5714285714285714,7.0,0.0,0.0,0,0.0,0.02095287281931119
0.5666666666666667,0.0,0.0,0.0,0.8,0.5714285714285714,7.0,0.0,0.0,0,0.0,0.013420969945734983
0.3,0.0,0.0,0.0,0.6000000000000001,0.5714285714285714,7.0,0.0,0.0,0,0.0,0.12383003805668423
0.06666666666666667,0.0,0.2,0.16666666666666666,0.2,0.5714285714285714,7.0,9.99995000025e-07,1.0,0,0.020833333333333332,0.015930004209594152
0.03333333333333333,0.0,0.2,0.16666666666666666,0.2,0.5714285714285714,7.0,1.9999800001999982e-06,1.0,0,0.020833333333333332,0.022492833842917066
0.03333333333333333,0.0,0.6000000000000001,0.5,0.2,0.5714285714285714,7.0,5.999940000599994e-06,3.0,0,0.0625,0.020945484104874994
0.0,0.16129032258064516,0.4,0.3333333333333333,0.0,0.5714285714285714,7.0,0.4,2.0,5,0.041666666666666664,0.15734666448784898
0.36666666666666664,0.0,0.0,0.0,0.6000000000000001,0.5714285714285714,7.0,0.0,0.0,0,0.0,0.24386420320995783
0.4666666666666667,0.0,0.0,0.0,0.8,0.5714285714285714,7.0,0.0,0.0,0,0.0,0.027279428353658312
0.6,0.0,0.0,0.0,0.8,0.5714285714285714,7.0,0.0,0.0,0,0.0,0.14286134429902866
0.03333333333333333,0.0,0.4,0.3333333333333333,0.2,0.5714285714285714,7.0,3.9999600003999965e-06,2.0,0,0.041666666666666664,0.012343554216755297
0.06666666666666667,0.0,0.4,0.3333333333333333,0.2,0.5714285714285714,7.0,1.99999000005e-06,2.0,0,0.041666666666666664,0.1267718001813789
0.06666666666666667,0.0,0.4,0.3333333333333333,0.2,0.5714285714285714,7.0,1.99999000005e-06,2.0,0,0.041666666666666664,0.058389477210608734
0.06666666666666667,0.0,0.2,0.16666666666666666,0.2,0.5714285714285714,7.0,9.99995000025e-07,1.0,0,0.020833333333333332,0.39924600438188296
0.2,0.0,0.2,0.16666666666666666,0.4,0.5714285714285714,7.0,3.333327777787038e-07,1.0,0,0.020833333333333332,0.15218307773240988
0.43333333333333335,0.0,0.0,0.0,0.8,0.5714285714285714,7.0,0.0,0.0,0,0.0,0.08101041645722183
0.2,0.0,0.2,0.16666666666666666,0.4,0.5714285714285714,7.0,3.333327777787038e-07,1.0,0,0.020833333333333332,0.08176919197751464
0.06666666666666667,0.0,0.4,0.3333333333333333,0.2,0.5714285714285714,7.0,1.99999000005e-06,2.0,0,0.041666666666666664,0.20901360538310987
0.06666666666666667,0.0,0.4,0.3333333333333333,0.2,0.5714285714285714,7.0,1.99999000005e-06,2.0,0,0.041666666666666664,0.17046946075738417
0.23333333333333334,0.0,0.0,0.0,0.4,0.5714285714285714,7.0,0.0,0.0,0,0.0,0.1006967090825708
0.3,0.0,0.0,0.0,0.6000000000000001,0.5714285714285714,7.0,0.0,0.0,0,0.0,0.2871969325103895
0.43333333333333335,0.0,0.0,0.0,0.8,0.5714285714285714,7.0,0.0,0.0,0,0.0,0.06311388699525498
0.13333333333333333,0.0,0.2,0.16666666666666666,0.4,0.5714285714285714,7.0,4.999987500031251e-07,1.0,0,0.020833333333333332,0.05252080187684548
0.9,0.0,0.0,0.0,1.0,0.5714285714285714,7.0,0.0,0.0,0,0.0,0.2658118741205158
0.4666666666666667,0.0,0.0,0.0,0.8,0.5714285714285714,7.0,0.0,0.0,0,0.0,0.11314988001409075
0.3333333333333333,0.0,0.0,0.0,0.6000000000000001,0.5714285714285714,7.0,0.0,0.0,0,0.0,0.2573676282361486
0.03333333333333333,0.0,0.4,0.3333333333333333,0.2,0.5714285714285714,7.0,3.9999600003999965e-06,2.0,0,0.041666666666666664,0.1226318110828882
0.3,0.0,0.0,0.0,0.6000000000000001,0.5714285714285714,7.0,0.0,0.0,0,0.0,0.06304656419032144
0.16666666666666666,0.0,0.2,0.16666666666666666,0.4,0.5714285714285714,7.0,3.9999920000160014e-07,1.0,0,0.020833333333333332,0.24125528184156877
0.36666666666666664,0.0,0.0,0.0,0.6000000000000001,0.5714285714285714,7.0,0.0,0.0,0,0.0,0.2109628664174102
0.5333333333333333,0.0,0.0,0.0,0.8,0.5714285714285714,7.0,0.0,0.0,0,0.0,0.09745829275341286
0.03333333333333333,0.0,0.2,0.16666666666666666,0.2,0.5714285714285714,7.0,1.9999800001999982e-06,1.0,0,0.020833333333333332,0.4213517165868362
0.03333333333333333,0.0,0.4,0.3333333333333333,0.2,0.5714285714285714,7.0,3.9999600003999965e-06,2.0,0,0.041666666666666664,0.13886392042493545
0.0,0.3870967741935484,0.2,0.16666666666666666,0.0,0.5714285714285714,7.0,0.2,1.0,6,0.020833333333333332,0.1737948613634402
0.0,0.4838709677419355,0.2,0.16666666666666666,0.0,0.5714285714285714,7.0,0.2,1.0,6,0.020833333333333332,0.13354849187359066
0.16666666666666666,0.0,0.2,0.16666666666666666,0.4,0.5714285714285714,7.0,3.9999920000160014e-07,1.0,0,0.020833333333333332,0.008979605688579556
0.06666666666666667,0.0,0.8,0.6666666666666666,0.2,0.5714285714285714,7.0,3.9999800001e-06,4.0,0,0.08333333333333333,0.061496598408981126
0.03333333333333333,0.0,0.4,0.3333333333333333,0.2,0.5714285714285714,7.0,3.9999600003999965e-06,2.0,0,0.041666666666666664,0.15099298978694725
0.1,0.0,0.4,0.3333333333333333,0.2,0.5714285714285714,7.0,1.3333288889037039e-06,2.0,0,0.041666666666666664,0.08969038722283068
0.16666666666666666,0.0,0.2,0.16666666666666666,0.4,0.5714285714285714,7.0,3.9999920000160014e-07,1.0,0,0.020833333333333332,0.24065568397176362
0.26666666666666666,0.0,0.0,0.0,0.6000000000000001,0.5714285714285714,7.0,0.0,0.0,0,0.0,0.17297165890213598
0.26666666666666666,0.0,0.0,0.0,0.6000000000000001,0.5714285714285714,7.0,0.0,0.0,0,0.0,0.0052427046440521995
0.0,0.45161290322580644,0.2,0.16666666666666666,0.0,0.5714285714285714,7.0,0.2,1.0,6,0.020833333333333332,0.17701897826550456
0.1,0.0,0.6000000000000001,0.5,0.2,0.5714285714285714,7.0,1.999993333355556e-06,3.0,0,0.0625,0.24546298825275034
0.0,0.3548387096774194,0.2,0.16666666666666666,0.0,0.5714285714285714,7.0,0.2,1.0,6,0.020833333333333332,0.1902699863427865
0.0,0.4193548387096774,0.2,0.16666666666666666,0.0,0.5714285714285714,7.0,0.2,1.0,6,0.020833333333333332,0.24180934806324658
0.16666666666666666,0.0,0.2,0.16666666666666666,0.4,0.14285714285714285,8.0,3.9999920000160014e-07,1.0,0,0.018518518518518517,0.1309642384842655
0.13333333333333333,0.0,0.2,0.16666666666666666,0.4,0.14285714285714285,8.0,4.999987500031251e-07,1.0,0,0.018518518518518517,0.025584906110174138
0.0,0.03225806451612903,0.6000000000000001,0.5,0.0,0.14285714285714285,8.0,0.6000000000000001,3.0,5,0.05555555555555555,0.04424227538008991
0.3333333333333333,0.0,0.0,0.0,0.6000000000000001,0.14285714285714285,8.0,0.0,0.0,0,0.0,0.06295305111429253
0.6,0.0,0.0,0.0,0.8,0.14285714285714285,8.0,0.0,0.0,0,0.0,0.09020319829609726
0.3333333333333333,0.0,0.0,0.0,0.6000000000000001,0.14285714285714285,8.0,0.0,0.0,0,0.0,0.18488800818252518
0.1,0.0,0.2,0.16666666666666666,0.2,0.14285714285714285,8.0,6.666644444518519e-07,1.0,0,0.018518518518518517,0.028889584772593555
0.06666666666666667,0.0,0.2,0.16666666666666666,0.2,0.14285714285714285,8.0,9.99995000025e-07,1.0,0,0.018518518518518517,0.1692907074537415
0.06666666666666667,0.0,0.6000000000000001,0.5,0.2,0.14285714285714285,8.0,2.999985000075e-06,3.0,0,0.05555555555555555,0.0580774462511452
0.03333333333333333,0.0,0.4,0.3333333333333333,0.2,0.14285714285714285,8.0,3.9999600003999965e-06,2.0,0,0.037037037037037035,0.25008354296777174
0.4,0.0,0.0,0.0,0.6000000000000001,0.14285714285714285,8.0,0.0,0.0,0,0.0,0.1503059743300179
0.5,0.0,0.0,0.0,0.8,0.14285714285714285,8.0,0.0,0.0,0,0.0,0.24969508384635805
0.0,0.6129032258064516,0.2,0.16666666666666666,0.0,0.14285714285714285,8.0,0.2,1.0,7,0.018518518518518517,0.2438019636239309
0.06666666666666667,0.0,0.4,0.3333333333333333,0.2,0.14285714285714285,8.0,1.99999000005e-06,2.0,0,0.037037037037037035,0.02744348475830176
0.1,0.0,0.4,0.3333333333333333,0.2,0.14285714285714285,8.0,1.3333288889037039e-06,2.0,0,0.037037037037037035,0.04000900688685312
0.1,0.0,0.4,0.3333333333333333,0.2,0.14285714285714285,8.0,1.3333288889037039e-06,2.0,0,0.037037037037037035,0.19017041604562077
0.0,0.0967741935483871,0.4,0.3333333333333333,0.0,0.14285714285714285,8.0,0.4,2.0,6,0.037037037037037035,0.21623432046008537
0.23333333333333334,0.0,0.2,0.16666666666666666,0.4,0.14285714285714285,8.0,2.8571387755160354e-07,1.0,0,0.018518518518518517,0.06054515248833541
0.4666666666666667,0.0,0.0,0.0,0.8,0.14285714285714285,8.0,0.0,0.0,0,0.0,0.06351520152781763
0.23333333333333334,0.0,0.2,0.16666666666666666,0.4,0.14285714285714285,8.0,2.8571387755160354e-07,1.0,0,0.018518518518518517,0.014125265877852466
0.1,0.0,0.4,0.3333333333333333,0.2,0.14285714285714285,8.0,1.3333288889037039e-06,2.0,0,0.037037037037037035,0.020871672388408858
0.1,0.0,0.4,0.3333333333333333,0.2,0.14285714285714285,8.0,1.3333288889037039e-06,2.0,0,0.037037037037037035,0.09958228726265175
0.0,0.25806451612903225,0.2,0.16666666666666666,0.0,0.14285714285714285,8.0,0.2,1.0,7,0.018518518518518517,0.14208674004843733
0.3333333333333333,0.0,0.0,0.0,0.6000000000000001,0.14285714285714285,8.0,0.0,0.0,0,0.0,0.02892831316124847
0.4666666666666667,0.0,0.0,0.0,0.8,0.14285714285714285,8.0,0.0,0.0,0,0.0,0.1870646396850404
0.16666666666666666,0.0,0.2,0.16666666666666666,0.4,0.14285714285714285,8.0,3.9999920000160014e-07,1.0,0,0.018518518518518517,0.07961933327401675
0.9333333333333333,0.0,0.0,0.0,1.0,0.14285714285714285,8.0,0.0,0.0,0,0.0,0.15584700454688494
0.5,0.0,0.0,0.0,0.8,0.14285714285714285,8.0,0.0,0.0,0,0.0,0.050265411709423474
0.36666666666666664,0.0,0.0,0.0,0.6000000000000001,0.14285714285714285,8.0,0.0,0.0,0,0.0,0.07037526709185919
0.06666666666666667,0.0,0.4,0.3333333333333333,0.2,0.14285714285714285,8.0,1.99999000005e-06,2.0,0,0.037037037037037035,0.23275676146734464
0.3333333333333333,0.0,0.0,0.0,0.6000000000000001,0.14285714285714285,8.0,0.0,0.0,0,0.0,0.07824392884412418
0.0,0.1935483870967742,0.4,0.3333333333333333,0.0,0.14285714285714285,8.0,0.4,2.0,6,0.037037037037037035,0.22484376711155227
0.4,0.0,0.0,0.0,0.6000000000000001,0.14285714285714285,8.0,0.0,0.0,0,0.0,0.05644425041284587
0.5666666666666667,0.0,0.0,0.0,0.8,0.14285714285714285,8.0,0.0,0.0,0,0.0,0.03359206921904247
0.06666666666666667,0.0,0.2,0.16666666666666666,0.2,0.14285714285714285,8.0,9.99995000025e-07,1.0,0,0.018518518518518517,0.08449218430507746
0.06666666666666667,0.0,0.4,0.3333333333333333,0.2,0.14285714285714285,8.0,1.99999000005e-06,2.0,0,0.037037037037037035,0.020885978994158488
0.03333333333333333,0.0,0.2,0.16666666666666666,0.2,0.14285714285714285,8.0,1.9999800001999982e-06,1.0,0,0.018518518518518517,0.027065026746707667
0.03333333333333333,0.0,0.2,0.16666666666666666,0.2,0.14285714285714285,8.0,1.9999800001999982e-06,1.0,0,0.018518518518518517,0.1590007597241234
0.0,0.1935483870967742,0.4,0.3333333333333333,0.0,0.14285714285714285,8.0,0.4,2.0,6,0.037037037037037035,0.05350457653020965
0.1,0.0,0.8,0.6666666666666666,0.2,0.14285714285714285,8.0,2.6666577778074078e-06,4.0,0,0.07407407407407407,0.24497892978089236
0.06666666666666667,0.0,0.4,0.3333333333333333,0.2,0.14285714285714285,8.0,1.99999000005e-06,2.0,0,0.037037037037037035,0.11496825709349352
0.13333333333333333,0.0,0.4,0.3333333333333333,0.4,0.14285714285714285,8.0,9.999975000062502e-07,2.0,0,0.037037037037037035,0.020332359522885576
0.2,0.0,0.2,0.16666666666666666,0.4,0.14285714285714285,8.0,3.333327777787038e-07,1.0,0,0.018518518518518517,0.5265512599980133
0.3,0.0,0.0,0.0,0.6000000000000001,0.14285714285714285,8.0,0.0,0.0,0,0.0,0.11586823783174635
0.3,0.0,0.0,0.0,0.6000000000000001,0.14285714285714285,8.0,0.0,0.0,0,0.0,0.16618607718232706
0.03333333333333333,0.0,0.2,0.16666666666666666,0.2,0.14285714285714285,8.0,1.9999800001999982e-06,1.0,0,0.018518518518518517,0.030164037618012746
0.0,0.12903225806451613,0.8,0.6666666666666666,0.0,0.14285714285714285,8.0,0.8,4.0,4,0.07407407407407407,0.21993004988652948
0.03333333333333333,0.0,0.2,0.16666666666666666,0.2,0.14285714285714285,8.0,1.9999800001999982e-06,1.0,0,0.018518518518518517,0.1601722099320765
0.03333333333333333,0.0,0.2,0.16666666666666666,0.2,0.14285714285714285,8.0,1.9999800001999982e-06,1.0,0,0.018518518518518517,0.13878720200467434
0.2,0.0,0.2,0.16666666666666666,0.4,0.14285714285714285,9.0,3.333327777787038e-07,1.0,0,0.016666666666666666,0.2350543879611664
0.16666666666666666,0.0,0.2,0.16666666666666666,0.4,0.14285714285714285,9.0,3.9999920000160014e-07,1.0,0,0.016666666666666666,0.06474051209596679
0.03333333333333333,0.0,0.6000000000000001,0.5,0.2,0.14285714285714285,9.0,5.999940000599994e-06,3.0,0,0.05,0.05377647958791639
0.36666666666666664,0.0,0.0,0.0,0.6000000000000001,0.14285714285714285,9.0,0.0,0.0,0,0.0,0.27715293045244543
0.6333333333333333,0.0,0.0,0.0,0.8,0.14285714285714285,9.0,0.0,0.0,0,0.0,0.5629470122170973
0.0,0.3548387096774194,0.2,0.16666666666666666,0.0,0.14285714285714285,9.0,0.2,1.0,8,0.016666666666666666,0.03625609811940208
0.13333333333333333,0.0,0.2,0.16666666666666666,0.4,0.14285714285714285,9.0,4.999987500031251e-07,1.0,0,0.016666666666666666,0.10456962736997291
0.1,0.0,0.2,0.16666666666666666,0.2,0.14285714285714285,9.0,6.666644444518519e-07,1.0,0,0.016666666666666666,0.0024761808546192865
0.1,0.0,0.6000000000000001,0.5,0.2,0.14285714285714285,9.0,1.999993333355556e-06,3.0,0,0.05,0.04304143849529471
0.06666666666666667,0.0,0.4,0.3333333333333333,0.2,0.14285714285714285,9.0,1.99999000005e-06,2.0,0,0.03333333333333333,0.09784124281559722
0.43333333333333335,0.0,0.0,0.0,0.8,0.14285714285714285,9.0,0.0,0.0,0,0.0,0.1745662535269496
0.5333333333333333,0.0,0.0,0.0,0.8,0.14285714285714285,9.0,0.0,0.0,0,0.0,0.020246222056961218
0.03333333333333333,0.0,0.2,0.16666666666666666,0.2,0.14285714285714285,9.0,1.9999800001999982e-06,1.0,0,0.016666666666666666,0.054464601607154044
0.1,0.0,0.4,0.3333333333333333,0.2,0.14285714285714285,9.0,1.3333288889037039e-06,2.0,0,0.03333333333333333,0.05955719916626812
0.13333333333333333,0.0,0.4,0.3333333333333333,0.4,0.14285714285714285,9.0,9.999975000062502e-07,2.0,0,0.03333333333333333,0.054420575477044986
0.13333333333333333,0.0,0.4,0.3333333333333333,0.4,0.14285714285714285,9.0,9.999975000062502e-07,2.0,0,0.03333333333333333,0.13549113194342183
0.03333333333333333,0.0,0.4,0.3333333333333333,0.2,0.14285714285714285,9.0,3.9999600003999965e-06,2.0,0,0.03333333333333333,0.09959005106607388
0.26666666666666666,0.0,0.2,0.16666666666666666,0.6000000000000001,0.14285714285714285,9.0,2.4999968750039066e-07,1.0,0,0.016666666666666666,0.020807097154837643
0.5,0.0,0.0,0.0,0.8,0.14285714285714285,9.0,0.0,0.0,0,0.0,0.010290553025133958
0.26666666666666666,0.0,0.2,0.16666666666666666,0.6000000000000001,0.14285714285714285,9.0,2.4999968750039066e-07,1.0,0,0.016666666666666666,0.05321333260174852
0.13333333333333333,0.0,0.4,0.3333333333333333,0.4,0.14285714285714285,9.0,9.999975000062502e-07,2.0,0,0.03333333333333333,0.10081344920646945
0.13333333333333333,0.0,0.4,0.3333333333333333,0.4,0.14285714285714285,9.0,9.999975000062502e-07,2.0,0,0.03333333333333333,0.3126185822509214
0.03333333333333333,0.0,0.2,0.16666666666666666,0.2,0.14285714285714285,9.0,1.9999800001999982e-06,1.0,0,0.016666666666666666,0.05090992583772024
0.36666666666666664,0.0,0.0,0.0,0.6000000000000001,0.14285714285714285,9.0,0.0,0.0,0,0.0,0.12907481515510036
0.0,0.4838709677419355,0.2,0.16666666666666666,0.0,0.14285714285714285,9.0,0.2,1.0,8,0.016666666666666666,0.11939984659452726
0.2,0.0,0.2,0.16666666666666666,0.4,0.14285714285714285,9.0,3.333327777787038e-07,1.0,0,0.016666666666666666,0.13372382367232655
0.9666666666666667,0.0,0.0,0.0,1.0,0.14285714285714285,9.0,0.0,0.0,0,0.0,0.05845007813006482
0.5333333333333333,0.0,0.0,0.0,0.8,0.14285714285714285,9.0,0.0,0.0,0,0.0,0.07531614171192028
0.4,0.0,0.0,0.0,0.6000000000000001,0.14285714285714285,9.0,0.0,0.0,0,0.0,0.1752166470152512
0.1,0.0,0.4,0.3333333333333333,0.2,0.14285714285714285,9.0,1.3333288889037039e-06,2.0,0,0.03333333333333333,0.3434474027272795
0.0,0.3548387096774194,0.2,0.16666666666666666,0.0,0.14285714285714285,9.0,0.2,1.0,8,0.016666666666666666,0.15372553081144322
0.03333333333333333,0.0,0.4,0.3333333333333333,0.2,0.14285714285714285,9.0,3.9999600003999965e-06,2.0,0,0.03333333333333333,0.03587943146494508
0.43333333333333335,0.0,0.0,0.0,0.8,0.14285714285714285,9.0,0.0,0.0,0,0.0,0.030843200335544812
0.6,0.0,0.0,0.0,0.8,0.14285714285714285,9.0,0.0,0.0,0,0.0,0.09703419302778653
0.1,0.0,0.2,0.16666666666666666,0.2,0.14285714285714285,9.0,6.666644444518519e-07,1.0,0,0.016666666666666666,0.11439536647588193
0.1,0.0,0.4,0.3333333333333333,0.2,0.14285714285714285,9.0,1.3333288889037039e-06,2.0,0,0.03333333333333333,0.21915778839469727
0.0,0.06451612903225806,0.4,0.3333333333333333,0.0,0.14285714285714285,9.0,0.4,2.0,7,0.03333333333333333,0.10749881701747942
0.06666666666666667,0.0,0.2,0.16666666666666666,0.2,0.14285714285714285,9.0,9.99995000025e-07,1.0,0,0.016666666666666666,0.006692915182511115
0.0,0.03225806451612903,0.6000000000000001,0.5,0.0,0.14285714285714285,9.0,0.6000000000000001,3.0,6,0.05,0.014267665788405222
0.0,0.0,0.0,0.0,0.0,0.0,0.0,0.0,4.0,0,0.0,0.2115032347435897
0.0,0.0,0.0,0.0,0.0,0.0,0.0,0.0,3.0,6,0.0,0.1004809856197923
0.0,0.0,0.0,0.0,0.0,0.0,0.0,0.0,2.0,0,0.0,0.025596323567695506
0.0,0.0,0.0,0.0,0.0,0.0,0.0,0.0,1.0,0,0.0,0.12841818689354978
0.0,0.0,0.0,0.0,0.0,0.0,0.0,0.0,0.0,0,0.0,0.034755226966124673
0.0,0.0,0.0,0.0,0.0,0.0,0.0,0.0,0.0,0,0.0,0.03082029539189761
0.0,0.0,0.0,0.0,0.0,0.0,0.0,0.0,1.0,0,0.0,0.020001375348986723
0.0,0.0,0.0,0.0,0.0,0.0,0.0,0.0,4.0,0,0.0,0.1364488318164989
0.0,0.0,0.0,0.0,0.0,0.0,0.0,0.0,1.0,0,0.0,0.09962503310724243
0.0,0.0,0.0,0.0,0.0,0.0,0.0,0.0,2.0,7,0.0,0.16329038181510883
0.0,0.0,0.0,0.0,0.0,0.0,0.0,0.0,1.0,0,0.0,0.0856683342228464
0.0,0.0,0.0,0.0,0.0,0.0,0.0,0.0,1.0,0,0.0,0.13604943662610147
0.0,0.0,0.0,0.0,0.0,0.0,0.0,0.0,3.0,0,0.0,0.0007655696041399714
0.0,0.0,0.0,0.0,0.0,0.0,0.0,0.0,0.0,0,0.0,0.035060030332861335
0.0,0.0,0.0,0.0,0.0,0.0,0.0,0.0,1.0,9,0.0,0.07394081847853305
0.0,0.0,0.0,0.0,0.0,0.0,0.0,0.0,1.0,0,0.0,0.11966488202654751
0.0,0.0,0.0,0.0,0.0,0.0,0.0,0.0,1.0,0,0.0,0.16198573009302805
0.0,0.0,0.0,0.0,0.0,0.0,0.0,0.0,1.0,0,0.0,0.05272162651455718
0.0,0.0,0.0,0.0,0.0,0.0,0.0,0.0,3.0,0,0.0,0.05513244783201325
0.0,0.0,0.0,0.0,0.0,0.0,0.0,0.0,2.0,0,0.0,0.02168500219005288
0.0,0.0,0.0,0.0,0.0,0.0,0.0,0.0,1.0,9,0.0,0.043809401964967624
0.0,0.0,0.0,0.0,0.0,0.0,0.0,0.0,0.0,0,0.0,0.2116506879861759
0.0,0.0,0.0,0.0,0.0,0.0,0.0,0.0,1.0,0,0.0,0.16244872756721584
0.0,0.0,0.0,0.0,0.0,0.0,0.0,0.0,2.0,0,0.0,0.16137899151230145
0.0,0.0,0.0,0.0,0.0,0.0,0.0,0.0,2.0,0,0.0,0.10983505236586893
0.0,0.0,0.0,0.0,0.0,0.0,0.0,0.0,2.0,0,0.0,0.022405869696943217
0.0,0.0,0.0,0.0,0.0,0.0,0.0,0.0,2.0,0,0.0,0.053577540187165276
0.0,0.0,0.0,0.0,0.0,0.0,0.0,0.0,1.0,0,0.0,0.08485406414809532
0.0,0.0,0.0,0.0,0.0,0.0,0.0,0.0,0.0,0,0.0,0.045959039200480487
0.0,0.0,0.0,0.0,0.0,0.0,0.0,0.0,2.0,8,0.0,0.06733205228575866
0.0,0.0,0.0,0.0,0.0,0.0,0.0,0.0,2.0,0,0.0,0.10953204952516973
0.0,0.0,0.0,0.0,0.0,0.0,0.0,0.0,2.0,0,0.0,0.141716081505998
0.0,0.0,0.0,0.0,0.0,0.0,0.0,0.0,2.0,8,0.0,0.2060752027521644
0.0,0.0,0.0,0.0,0.0,0.0,0.0,0.0,0.0,0,0.0,0.03655927407754222
0.0,0.0,0.0,0.0,0.0,0.0,0.0,0.0,1.0,0,0.0,0.21502848546362338
0.0,0.0,0.0,0.0,0.0,0.0,0.0,0.0,1.0,0,0.0,0.0923689065457558
0.0,0.0,0.0,0.0,0.0,0.0,0.0,0.0,0.0,0,0.0,0.12045386570184426
0.0,0.0,0.0,0.0,0.0,0.0,0.0,0.0,0.0,0,0.0,0.15723311025375974
0.0,0.0,0.0,0.0,0.0,0.0,0.0,0.0,0.0,0,0.0,0.22739880432274528
0.0,0.0,0.0,0.0,0.0,0.0,0.0,0.0,2.0,0,0.0,0.05239624195528621
0.0,0.0,0.0,0.0,0.0,0.0,0.0,0.0,1.0,0,0.0,0.2162764269577971
0.0,0.0,0.0,0.0,0.0,0.0,0.0,0.0,2.0,0,0.0,0.031176880628852176
0.0,0.0,0.0,0.0,0.0,0.0,0.0,0.0,0.0,0,0.0,0.07317007137174274
0.0,0.0,0.0,0.0,0.0,0.0,0.0,0.0,0.0,0,0.0,0.2092228580852422
0.0,0.0,0.0,0.0,0.0,0.0,0.0,0.0,1.0,0,0.0,0.19592279219794412
0.0,0.0,0.0,0.0,0.0,0.0,0.0,0.0,2.0,0,0.0,0.25560474689756274
0.0,0.0,0.0,0.0,0.0,0.0,0.0,0.0,2.0,0,0.0,0.031603110016777056
0.0,0.0,0.0,0.0,0.0,0.0,0.0,0.0,1.0,0,0.0,0.005909426951135815
0.0,0.0,0.0,0.0,0.0,0.0,0.0,0.0,3.0,0,0.0,0.09057353238783274
0.0,0.0,0.0,0.0,0.0,0.0,0.0,0.0,5.0,5,0.0,0.04063731258442473
0.0,0.0,0.0,0.0,0.0,0.0,0.0,0.0,3.0,0,0.0,0.029064079526789084
0.0,0.0,0.0,0.0,0.0,0.0,0.0,0.0,2.0,0,0.0,0.18007812419451763
0.0,0.0,0.0,0.0,0.0,0.0,0.0,0.0,1.0,0,0.0,0.25726268317661394
0.0,0.0,0.0,0.0,0.0,0.0,0.0,0.0,0.0,0,0.0,0.04754764785888143
0.0,0.0,0.0,0.0,0.0,0.0,0.0,0.0,0.0,0,0.0,0.0455539066346213
0.0,0.0,0.0,0.0,0.0,0.0,0.0,0.0,2.0,8,0.0,0.21193104024849835
0.0,0.0,0.0,0.0,0.0,0.0,0.0,0.0,4.0,0,0.0,0.1284261863800659
0.0,0.0,0.0,0.0,0.0,0.0,0.0,0.0,1.0,0,0.0,0.01925681453500595
0.0,0.0,0.0,0.0,0.0,0.0,0.0,0.0,3.0,7,0.0,0.007548261510316444
0.0,0.0,0.0,0.0,0.0,0.0,0.0,0.0,1.0,0,0.0,0.028668158615550523
0.0,0.0,0.0,0.0,0.0,0.0,0.0,0.0,1.0,0,0.0,0.0701249802771843
0.0,0.0,0.0,0.0,0.0,0.0,0.0,0.0,3.0,0,0.0,0.11472173195863844
0.0,0.0,0.0,0.0,0.0,0.0,0.0,0.0,0.0,0,0.0,0.03431964412500944
0.0,0.0,0.0,0.0,0.0,0.0,0.0,0.0,2.0,9,0.0,0.039440627818358415
0.0,0.0,0.0,0.0,0.0,0.0,0.0,0.0,1.0,0,0.0,0.0767765121514056
0.0,0.0,0.0,0.0,0.0,0.0,0.0,0.0,1.0,0,0.0,0.10815411013001378
0.0,0.0,0.0,0.0,0.0,0.0,0.0,0.0,1.0,0,0.0,0.005038185293904076
0.0,0.0,0.0,0.0,0.0,0.0,0.0,0.0,3.0,0,0.0,0.14531099527950483
0.0,0.0,0.0,0.0,0.0,0.0,0.0,0.0,3.0,8,0.0,0.05342321331877476
0.0,0.0,0.0,0.0,0.0,0.0,0.0,0.0,1.0,0,0.0,0.20129108203968257
0.0,0.0,0.0,0.0,0.0,0.0,0.0,0.0,1.0,10,0.0,0.013986768673662008
0.0,0.0,0.0,0.0,0.0,0.0,0.0,0.0,1.0,0,0.0,0.036160089094618354
0.0,0.0,0.0,0.0,0.0,0.0,0.0,0.0,2.0,0,0.0,0.14521062669443166
0.0,0.0,0.0,0.0,0.0,0.0,0.0,0.0,2.0,0,0.0,0.11102857575936623
0.0,0.0,0.0,0.0,0.0,0.0,0.0,0.0,2.0,0,0.0,0.07403628908868391
0.0,0.0,0.0,0.0,0.0,0.0,0.0,0.0,2.0,0,0.0,0.060489784495126354
0.0,0.0,0.0,0.0,0.0,0.0,0.0,0.0,1.0,0,0.0,0.06976001324246558
0.0,0.0,0.0,0.0,0.0,0.0,0.0,0.0,0.0,0,0.0,0.27430000754424866
0.0,0.0,0.0,0.0,0.0,0.0,0.0,0.0,3.0,8,0.0,0.16867896058216106
0.0,0.0,0.0,0.0,0.0,0.0,0.0,0.0,2.0,0,0.0,0.03749642624626159
0.0,0.0,0.0,0.0,0.0,0.0,0.0,0.0,2.0,0,0.0,0.029693266818696475
0.0,0.0,0.0,0.0,0.0,0.0,0.0,0.0,2.0,0,0.0,0.06492781888801502
0.0,0.0,0.0,0.0,0.0,0.0,0.0,0.0,0.0,0,0.0,0.03204088513692915
0.0,0.0,0.0,0.0,0.0,0.0,0.0,0.0,1.0,0,0.0,0.050594108966603095
0.0,0.0,0.0,0.0,0.0,0.0,0.0,0.0,2.0,9,0.0,0.04463949347567287
0.0,0.0,0.0,0.0,0.0,0.0,0.0,0.0,1.0,10,0.0,0.06510669300761779
0.0,0.0,0.0,0.0,0.0,0.0,0.0,0.0,0.0,0,0.0,0.005014222204612982
0.0,0.0,0.0,0.0,0.0,0.0,0.0,0.0,0.0,0,0.0,0.08558182943566246
0.0,0.0,0.0,0.0,0.0,0.0,0.0,0.0,2.0,0,0.0,0.21445978120282497
0.0,0.0,0.0,0.0,0.0,0.0,0.0,0.0,1.0,0,0.0,0.29704963819699115
0.0,0.0,0.0,0.0,0.0,0.0,0.0,0.0,2.0,0,0.0,0.13588198126212567
0.0,0.0,0.0,0.0,0.0,0.0,0.0,0.0,0.0,0,0.0,0.1167809439744973
0.0,0.0,0.0,0.0,0.0,0.0,0.0,0.0,0.0,0,0.0,0.029865564158463243
0.0,0.0,0.0,0.0,0.0,0.0,0.0,0.0,1.0,0,0.0,0.12100108542186586
0.0,0.0,0.0,0.0,0.0,0.0,0.0,0.0,2.0,0,0.0,0.26417052179554773
0.0,0.0,0.0,0.0,0.0,0.0,0.0,0.0,2.0,0,0.0,0.017968469857184376
0.0,0.0,0.0,0.0,0.0,0.0,0.0,0.0,1.0,0,0.0,0.029278658907729092
0.0,0.0,0.0,0.0,0.0,0.0,0.0,0.0,3.0,0,0.0,0.09850791112228618
0.0,0.0,0.0,0.0,0.0,0.0,0.0,0.0,6.0,5,0.0,0.16099614471708346
0.0,0.0,0.0,0.0,0.0,0.0,0.0,0.0,3.0,0,0.0,0.02281054108687308
0.0,0.0,0.0,0.0,0.0,0.0,0.0,0.0,2.0,0,0.0,0.04232730607256361
0.0,0.0,0.0,0.0,0.0,0.0,0.0,0.0,1.0,0,0.0,0.028024374510830306
0.0,0.0,0.0,0.0,0.0,0.0,0.0,0.0,0.0,0,0.0,0.13239212225472444
0.0,0.0,0.0,0.0,0.0,0.0,0.0,0.0,0.0,0,0.0,0.08412443736102405
0.0,0.0,0.0,0.0,0.0,0.0,0.0,0.0,2.0,0,0.0,0.17352691081173638
0.0,0.0,0.0,0.0,0.0,0.0,0.0,0.0,4.0,0,0.0,0.07316674401276108
0.0,0.0,0.0,0.0,0.0,0.0,0.0,0.0,1.0,0,0.0,0.0562506086103201
0.0,0.0,0.0,0.0,0.0,0.0,0.0,0.0,3.0,0,0.0,0.1668315520636609
